{"v":"5.6.5","fr":30,"ip":0,"op":90,"w":512,"h":512,"nm":"Berty Animation screen logo","ddd":0,"assets":[{"id":"comp_0","layers":[{"ddd":0,"ind":1,"ty":0,"nm":"Wing flapflap","refId":"comp_1","sr":0.15,"ks":{"o":{"a":0,"k":100,"ix":11},"r":{"a":0,"k":0,"ix":10},"p":{"a":0,"k":[262,256,0],"ix":2},"a":{"a":0,"k":[256,256,0],"ix":1},"s":{"a":0,"k":[100,100,100],"ix":6}},"ao":0,"w":512,"h":512,"ip":63.1666666666667,"op":79.0666666666667,"st":63.1666666666667,"bm":0},{"ddd":0,"ind":2,"ty":0,"nm":"Wing flapflap","refId":"comp_1","sr":0.15,"ks":{"o":{"a":0,"k":100,"ix":11},"r":{"a":0,"k":0,"ix":10},"p":{"a":0,"k":[262,256,0],"ix":2},"a":{"a":0,"k":[256,256,0],"ix":1},"s":{"a":0,"k":[100,100,100],"ix":6}},"ao":0,"w":512,"h":512,"ip":47.375,"op":63.275,"st":47.375,"bm":0},{"ddd":0,"ind":3,"ty":0,"nm":"Wing flapflap","refId":"comp_1","sr":0.15,"ks":{"o":{"a":0,"k":100,"ix":11},"r":{"a":0,"k":0,"ix":10},"p":{"a":0,"k":[262,256,0],"ix":2},"a":{"a":0,"k":[256,256,0],"ix":1},"s":{"a":0,"k":[100,100,100],"ix":6}},"ao":0,"w":512,"h":512,"ip":31.5833333333333,"op":47.4833333333333,"st":31.5833333333333,"bm":0},{"ddd":0,"ind":4,"ty":0,"nm":"Wing flapflap","refId":"comp_1","sr":0.15,"ks":{"o":{"a":0,"k":100,"ix":11},"r":{"a":0,"k":0,"ix":10},"p":{"a":0,"k":[262,256,0],"ix":2},"a":{"a":0,"k":[256,256,0],"ix":1},"s":{"a":0,"k":[100,100,100],"ix":6}},"ao":0,"w":512,"h":512,"ip":15.8333333333333,"op":31.6916666666667,"st":15.7916666666667,"bm":0},{"ddd":0,"ind":5,"ty":0,"nm":"Wing flapflap","refId":"comp_1","sr":0.15,"ks":{"o":{"a":0,"k":100,"ix":11},"r":{"a":0,"k":0,"ix":10},"p":{"a":0,"k":[262,256,0],"ix":2},"a":{"a":0,"k":[256,256,0],"ix":1},"s":{"a":0,"k":[100,100,100],"ix":6}},"ao":0,"w":512,"h":512,"ip":0,"op":15.9,"st":0,"bm":0}]},{"id":"comp_1","layers":[{"ddd":0,"ind":1,"ty":0,"nm":"WING Flap","refId":"comp_2","sr":1,"ks":{"o":{"a":0,"k":100,"ix":11},"r":{"a":0,"k":0,"ix":10},"p":{"a":0,"k":[209.13,219.5,0],"ix":2},"a":{"a":0,"k":[250,250,0],"ix":1},"s":{"a":0,"k":[100,100,100],"ix":6}},"ao":0,"w":500,"h":500,"ip":53,"op":106,"st":53,"bm":0},{"ddd":0,"ind":2,"ty":0,"nm":"WING Flap","refId":"comp_2","sr":1,"ks":{"o":{"a":0,"k":100,"ix":11},"r":{"a":0,"k":0,"ix":10},"p":{"a":0,"k":[209.13,219.5,0],"ix":2},"a":{"a":0,"k":[250,250,0],"ix":1},"s":{"a":0,"k":[100,100,100],"ix":6}},"ao":0,"w":500,"h":500,"ip":0,"op":53,"st":0,"bm":0}]},{"id":"comp_2","layers":[{"ddd":0,"ind":1,"ty":4,"nm":"Wing 1-1","sr":1,"ks":{"o":{"a":0,"k":100,"ix":11},"r":{"a":0,"k":0,"ix":10},"p":{"a":0,"k":[301.047,240.545,0],"ix":2},"a":{"a":0,"k":[140.98,73.29,0],"ix":1},"s":{"a":0,"k":[100,100,100],"ix":6}},"ao":0,"shapes":[{"ind":0,"ty":"sh","ix":1,"ks":{"a":1,"k":[{"i":{"x":0.833,"y":0.833},"o":{"x":0.8,"y":0},"t":0,"s":[{"i":[[3.408,1.975],[-28.529,55.326],[0,0]],"o":[[-39.898,-23.115],[0,0],[0,0]],"v":[[49.404,130.796],[12.39,0.25],[102.515,49.895]],"c":true}]},{"i":{"x":0.833,"y":0.833},"o":{"x":0.167,"y":0.167},"t":9,"s":[{"i":[[0.548,2.14],[-18.44,28.983],[0,0]],"o":[[9.198,-33.954],[0,0],[0,0]],"v":[[49.947,130.856],[86.9,37.517],[102.538,50.224]],"c":true}]},{"t":10,"s":[{"i":[[-0.124,2.178],[-16.07,22.793],[0,0]],"o":[[20.734,-36.5],[0,0],[0,0]],"v":[[50.074,130.87],[99.158,48.435],[102.543,50.301]],"c":true}]}],"ix":2},"nm":"Path 1","mn":"ADBE Vector Shape - Group","hd":false},{"ty":"fl","c":{"a":0,"k":[0.282000014361,0.310000011968,0.964999988032,1],"ix":4},"o":{"a":0,"k":100,"ix":5},"r":1,"bm":0,"nm":"Fill 1","mn":"ADBE Vector Graphic - Fill","hd":false}],"ip":0,"op":10,"st":-47,"bm":0},{"ddd":0,"ind":2,"ty":4,"nm":"Wing 1-2","parent":1,"sr":1,"ks":{"o":{"a":0,"k":100,"ix":11},"r":{"a":1,"k":[{"i":{"x":[0.833],"y":[0.833]},"o":{"x":[0.167],"y":[0.167]},"t":-47,"s":[0]},{"t":42,"s":[0]}],"ix":10},"p":{"a":1,"k":[{"i":{"x":0.833,"y":0.833},"o":{"x":0.167,"y":0.167},"t":-47,"s":[40.51,79.005,0],"to":[0,0,0],"ti":[0,0,0]},{"t":42,"s":[40.51,79.005,0]}],"ix":2},"a":{"a":0,"k":[82.19,90.835,0],"ix":1},"s":{"a":0,"k":[100,100,100],"ix":6}},"ao":0,"shapes":[{"ind":0,"ty":"sh","ix":1,"ks":{"a":1,"k":[{"i":{"x":0.833,"y":0.833},"o":{"x":1,"y":0},"t":0,"s":[{"i":[[20.482,-41.892],[-37.474,71.93],[0,0]],"o":[[-46.419,-26.04],[0,0],[0,0]],"v":[[79.756,165.216],[32.7,0.25],[142.695,61.579]],"c":true}]},{"i":{"x":0.833,"y":0.833},"o":{"x":0.167,"y":0.167},"t":10,"s":[{"i":[[11.846,-25.212],[-52.973,61.919],[0,0]],"o":[[-5.728,-13.866],[-0.003,0.01],[0,0]],"v":[[79.768,165.536],[100.086,15.156],[143.157,61.659]],"c":true}]},{"t":16,"s":[{"i":[[53.047,5.28],[-17.499,43.298],[-0.059,0.01]],"o":[[59.153,-0.776],[-0.008,0.026],[-22.051,38.135]],"v":[[80.395,166.078],[216.113,135.402],[225.289,146.315]],"c":true}]}],"ix":2},"nm":"Path 1","mn":"ADBE Vector Shape - Group","hd":false},{"ty":"fl","c":{"a":0,"k":[0.995999983245,0.745000023935,0.277999997606,1],"ix":4},"o":{"a":0,"k":100,"ix":5},"r":1,"bm":0,"nm":"Fill 1","mn":"ADBE Vector Graphic - Fill","hd":false}],"ip":0,"op":16.5,"st":-47,"bm":0},{"ddd":0,"ind":3,"ty":4,"nm":"Wing 2-2","sr":1,"ks":{"o":{"a":0,"k":100,"ix":11},"r":{"a":0,"k":75.1,"ix":10},"p":{"a":0,"k":[259.456,214.755,0],"ix":2},"a":{"a":0,"k":[140.98,73.29,0],"ix":1},"s":{"a":0,"k":[-100,100,100],"ix":6}},"ao":0,"shapes":[{"ind":0,"ty":"sh","ix":1,"ks":{"a":1,"k":[{"i":{"x":0.833,"y":0.833},"o":{"x":0.167,"y":0.167},"t":12,"s":[{"i":[[0.268,-0.324],[0.474,1.132],[-4.205,-2.727]],"o":[[-14.161,-25.457],[-0.474,-1.132],[35.014,16.329]],"v":[[71.352,144.538],[106.373,58.747],[104.784,55.42]],"c":true}]},{"i":{"x":0.24,"y":1},"o":{"x":0.167,"y":0.167},"t":13,"s":[{"i":[[0.268,-0.324],[0.474,1.132],[-4.205,-2.727]],"o":[[-14.161,-25.457],[-0.474,-1.132],[55.621,27.661]],"v":[[71.352,144.538],[88.876,44.518],[95.222,48.651]],"c":true}]},{"t":25,"s":[{"i":[[0.268,-0.324],[-33.465,63.857],[-52.405,-30.259]],"o":[[-45.633,-19.51],[0,0],[54.896,31.698]],"v":[[71.941,143.346],[-5.963,-10.389],[94.693,45.687]],"c":true}]}],"ix":2},"nm":"Path 1","mn":"ADBE Vector Shape - Group","hd":false},{"ty":"fl","c":{"a":0,"k":[0.254901960784,0.462745098039,0.996078431373,1],"ix":4},"o":{"a":0,"k":100,"ix":5},"r":1,"bm":0,"nm":"Fill 1","mn":"ADBE Vector Graphic - Fill","hd":false}],"ip":12,"op":26,"st":14,"bm":0},{"ddd":0,"ind":4,"ty":4,"nm":"Wing 2-1","parent":3,"sr":1,"ks":{"o":{"a":0,"k":100,"ix":11},"r":{"a":0,"k":0,"ix":10},"p":{"a":0,"k":[40.51,79.005,0],"ix":2},"a":{"a":0,"k":[82.19,90.835,0],"ix":1},"s":{"a":0,"k":[100,100,100],"ix":6}},"ao":0,"shapes":[{"ind":0,"ty":"sh","ix":1,"ks":{"a":1,"k":[{"i":{"x":0.2,"y":1},"o":{"x":0.167,"y":0.167},"t":12,"s":[{"i":[[0,0],[-9.141,5.485],[0.224,1.587],[0,0]],"o":[[0,0],[0.668,1.517],[-12.793,17.08],[0,0]],"v":[[95.252,172.263],[146.228,65.846],[144.912,66.696],[113.392,155.555]],"c":true}]},{"t":25,"s":[{"i":[[0,0],[-37.731,72.678],[0,0],[0,0]],"o":[[-58.105,-25.509],[0,0],[0,0],[0,0]],"v":[[95.252,172.263],[8.166,-14.176],[127.57,53.829],[113.513,155.421]],"c":true}]}],"ix":2},"nm":"Path 1","mn":"ADBE Vector Shape - Group","hd":false},{"ty":"fl","c":{"a":0,"k":[0.995999983245,0.745000023935,0.277999997606,1],"ix":4},"o":{"a":0,"k":100,"ix":5},"r":1,"bm":0,"nm":"Fill 1","mn":"ADBE Vector Graphic - Fill","hd":false}],"ip":12,"op":26,"st":14,"bm":0},{"ddd":0,"ind":5,"ty":4,"nm":"Wing 2-4","sr":1,"ks":{"o":{"a":0,"k":100,"ix":11},"r":{"a":0,"k":75.1,"ix":10},"p":{"a":0,"k":[259.456,214.755,0],"ix":2},"a":{"a":0,"k":[140.98,73.29,0],"ix":1},"s":{"a":0,"k":[-100,100,100],"ix":6}},"ao":0,"shapes":[{"ind":0,"ty":"sh","ix":1,"ks":{"a":1,"k":[{"i":{"x":0.833,"y":0.833},"o":{"x":0.37,"y":0},"t":25,"s":[{"i":[[0.268,-0.324],[-33.465,63.857],[-52.405,-30.259]],"o":[[-45.633,-19.51],[0,0],[54.896,31.698]],"v":[[71.941,143.346],[-5.963,-10.389],[94.693,45.687]],"c":true}]},{"t":39,"s":[{"i":[[22.724,-8.367],[1.538,1.566],[-7.286,-7.987]],"o":[[118.109,-40.731],[-0.86,-0.876],[34.629,43.077]],"v":[[71.352,144.538],[117.327,53.245],[136.983,71.428]],"c":true}]}],"ix":2},"nm":"Path 1","mn":"ADBE Vector Shape - Group","hd":false},{"ty":"fl","c":{"a":0,"k":[0.254901960784,0.462745098039,0.996078431373,1],"ix":4},"o":{"a":0,"k":100,"ix":5},"r":1,"bm":0,"nm":"Fill 1","mn":"ADBE Vector Graphic - Fill","hd":false}],"ip":25,"op":39.5,"st":26,"bm":0},{"ddd":0,"ind":6,"ty":4,"nm":"Wing 2-3","parent":5,"sr":1,"ks":{"o":{"a":0,"k":100,"ix":11},"r":{"a":0,"k":0,"ix":10},"p":{"a":0,"k":[40.51,79.005,0],"ix":2},"a":{"a":0,"k":[82.19,90.835,0],"ix":1},"s":{"a":0,"k":[100,100,100],"ix":6}},"ao":0,"shapes":[{"ind":0,"ty":"sh","ix":1,"ks":{"a":1,"k":[{"i":{"x":0.833,"y":0.833},"o":{"x":0.84,"y":0},"t":25,"s":[{"i":[[0,0],[-37.731,72.678],[0,0],[0,0],[0,0]],"o":[[-58.105,-25.509],[0,0],[0,0],[0,0],[0,0]],"v":[[95.252,172.263],[8.166,-14.176],[127.57,53.829],[121.225,99.682],[113.513,155.421]],"c":true}]},{"i":{"x":0.833,"y":0.833},"o":{"x":0.167,"y":0.167},"t":31.5,"s":[{"i":[[0,0],[-35.751,69.458],[-0.14,-0.195],[4.244,-22.601],[3.136,-1.301]],"o":[[-47.654,-27.405],[0.061,0.138],[2.427,2.621],[-4.696,25.008],[-0.571,0.539]],"v":[[95.252,172.263],[25.77,-5.069],[132.416,56.147],[127.805,103.319],[113.502,155.433]],"c":true}]},{"i":{"x":0.833,"y":0.833},"o":{"x":0.167,"y":0.167},"t":39,"s":[{"i":[[0,0],[-20.957,45.403],[-1.189,-1.651],[10.004,-15.425],[26.93,-11.175]],"o":[[30.429,-41.566],[0.514,1.167],[20.247,21.863],[-26.854,24.047],[-4.839,4.564]],"v":[[95.252,172.263],[157.294,62.973],[172.973,78.647],[178.586,121.772],[113.419,155.524]],"c":true}]},{"t":44,"s":[{"i":[[0,0],[9.001,61.516],[-1.545,-2.146],[22.974,-4.02],[6.801,6.291]],"o":[[0,0],[0.668,1.517],[2.698,26.056],[-26.167,4.579],[-5.695,5.604]],"v":[[95.252,172.263],[217.272,121.383],[216.771,120.917],[176.865,162.839],[113.392,155.555]],"c":true}]}],"ix":2},"nm":"Path 1","mn":"ADBE Vector Shape - Group","hd":false},{"ty":"fl","c":{"a":0,"k":[0.995999983245,0.745000023935,0.277999997606,1],"ix":4},"o":{"a":0,"k":100,"ix":5},"r":1,"bm":0,"nm":"Fill 1","mn":"ADBE Vector Graphic - Fill","hd":false}],"ip":24,"op":40,"st":26,"bm":0},{"ddd":0,"ind":7,"ty":4,"nm":"Wing 1-4","sr":1,"ks":{"o":{"a":0,"k":100,"ix":11},"r":{"a":0,"k":0,"ix":10},"p":{"a":0,"k":[301.047,240.545,0],"ix":2},"a":{"a":0,"k":[140.98,73.29,0],"ix":1},"s":{"a":0,"k":[100,100,100],"ix":6}},"ao":0,"shapes":[{"ind":0,"ty":"sh","ix":1,"ks":{"a":1,"k":[{"i":{"x":0.833,"y":0.833},"o":{"x":0.167,"y":0},"t":38,"s":[{"i":[[0.405,3.918],[-33.207,1.745],[0,0]],"o":[[-4.22,-40.801],[0,0],[0,0]],"v":[[49.404,130.796],[92.64,48.25],[102.515,49.895]],"c":true}]},{"i":{"x":0.833,"y":0.833},"o":{"x":0.167,"y":0.167},"t":39,"s":[{"i":[[-0.795,3.858],[-12.207,-9.255],[0,0]],"o":[[12.53,-60.801],[0,0],[0,0]],"v":[[49.404,130.796],[99.64,50.25],[102.515,49.895]],"c":true}]},{"i":{"x":0.22,"y":1},"o":{"x":0.167,"y":0.167},"t":39.5,"s":[{"i":[[-0.309,3.64],[-10.804,13.614],[0,0]],"o":[[8.381,-31.973],[0,0],[0,0]],"v":[[49.404,130.796],[99.559,48.615],[101.533,50.086]],"c":true}]},{"t":51,"s":[{"i":[[3.408,1.975],[-28.529,55.326],[0,0]],"o":[[-39.898,-23.115],[0,0],[0,0]],"v":[[49.404,130.796],[12.39,0.25],[102.515,49.895]],"c":true}]}],"ix":2},"nm":"Path 1","mn":"ADBE Vector Shape - Group","hd":false},{"ty":"fl","c":{"a":0,"k":[0.282000014361,0.310000011968,0.964999988032,1],"ix":4},"o":{"a":0,"k":100,"ix":5},"r":1,"bm":0,"nm":"Fill 1","mn":"ADBE Vector Graphic - Fill","hd":false}],"ip":39,"op":55,"st":-11,"bm":0},{"ddd":0,"ind":8,"ty":4,"nm":"Wing 1-3","parent":7,"sr":1,"ks":{"o":{"a":0,"k":100,"ix":11},"r":{"a":1,"k":[{"i":{"x":[0.833],"y":[0.833]},"o":{"x":[0.167],"y":[0.167]},"t":-11,"s":[0]},{"t":78,"s":[0]}],"ix":10},"p":{"a":1,"k":[{"i":{"x":0.833,"y":0.833},"o":{"x":0.167,"y":0.167},"t":-11,"s":[40.51,79.005,0],"to":[0,0,0],"ti":[0,0,0]},{"t":78,"s":[40.51,79.005,0]}],"ix":2},"a":{"a":0,"k":[82.19,90.835,0],"ix":1},"s":{"a":0,"k":[100,100,100],"ix":6}},"ao":0,"shapes":[{"ind":0,"ty":"sh","ix":1,"ks":{"a":1,"k":[{"i":{"x":0.833,"y":0.833},"o":{"x":0.167,"y":0.167},"t":39,"s":[{"i":[[11.893,-27.858],[-49.087,10.074],[0,0]],"o":[[-1.643,-41.642],[0,0],[0,0]],"v":[[79.756,165.216],[127.2,52.5],[142.695,61.579]],"c":true}]},{"i":{"x":0.49,"y":1},"o":{"x":0.19,"y":0},"t":40,"s":[{"i":[[14.607,-33.891],[-47.618,17.896],[0,0]],"o":[[10.107,-46.891],[0,0],[0,0]],"v":[[79.756,165.216],[100,38.393],[142.695,61.579]],"c":true}]},{"t":52.5,"s":[{"i":[[20.482,-41.892],[-37.474,71.93],[0,0]],"o":[[-46.419,-26.04],[0,0],[0,0]],"v":[[79.756,165.216],[32.7,0.25],[142.695,61.579]],"c":true}]}],"ix":2},"nm":"Path 1","mn":"ADBE Vector Shape - Group","hd":false},{"ty":"fl","c":{"a":0,"k":[0.995999983245,0.745000023935,0.277999997606,1],"ix":4},"o":{"a":0,"k":100,"ix":5},"r":1,"bm":0,"nm":"Fill 1","mn":"ADBE Vector Graphic - Fill","hd":false}],"ip":40,"op":55,"st":-11,"bm":0}]},{"id":"comp_3","layers":[{"ddd":0,"ind":1,"ty":0,"nm":"Wing 2 flapflap","refId":"comp_4","sr":0.15,"ks":{"o":{"a":0,"k":100,"ix":11},"r":{"a":0,"k":0,"ix":10},"p":{"a":0,"k":[256,256,0],"ix":2},"a":{"a":0,"k":[256,256,0],"ix":1},"s":{"a":0,"k":[100,100,100],"ix":6}},"ao":0,"w":512,"h":512,"ip":63.1666666666667,"op":79.0666666666667,"st":63.1666666666667,"bm":0},{"ddd":0,"ind":2,"ty":0,"nm":"Wing 2 flapflap","refId":"comp_4","sr":0.15,"ks":{"o":{"a":0,"k":100,"ix":11},"r":{"a":0,"k":0,"ix":10},"p":{"a":0,"k":[256,256,0],"ix":2},"a":{"a":0,"k":[256,256,0],"ix":1},"s":{"a":0,"k":[100,100,100],"ix":6}},"ao":0,"w":512,"h":512,"ip":47.375,"op":63.275,"st":47.375,"bm":0},{"ddd":0,"ind":3,"ty":0,"nm":"Wing 2 flapflap","refId":"comp_4","sr":0.15,"ks":{"o":{"a":0,"k":100,"ix":11},"r":{"a":0,"k":0,"ix":10},"p":{"a":0,"k":[256,256,0],"ix":2},"a":{"a":0,"k":[256,256,0],"ix":1},"s":{"a":0,"k":[100,100,100],"ix":6}},"ao":0,"w":512,"h":512,"ip":31.5833333333333,"op":47.4833333333333,"st":31.5833333333333,"bm":0},{"ddd":0,"ind":4,"ty":0,"nm":"Wing 2 flapflap","refId":"comp_4","sr":0.15,"ks":{"o":{"a":0,"k":100,"ix":11},"r":{"a":0,"k":0,"ix":10},"p":{"a":0,"k":[256,256,0],"ix":2},"a":{"a":0,"k":[256,256,0],"ix":1},"s":{"a":0,"k":[100,100,100],"ix":6}},"ao":0,"w":512,"h":512,"ip":15.7916666666667,"op":31.6916666666667,"st":15.7916666666667,"bm":0},{"ddd":0,"ind":5,"ty":0,"nm":"Wing 2 flapflap","refId":"comp_4","sr":0.15,"ks":{"o":{"a":0,"k":100,"ix":11},"r":{"a":0,"k":0,"ix":10},"p":{"a":0,"k":[256,256,0],"ix":2},"a":{"a":0,"k":[256,256,0],"ix":1},"s":{"a":0,"k":[100,100,100],"ix":6}},"ao":0,"w":512,"h":512,"ip":0,"op":15.9,"st":0,"bm":0}]},{"id":"comp_4","layers":[{"ddd":0,"ind":1,"ty":0,"nm":"WING 2 Flap","refId":"comp_5","sr":1,"ks":{"o":{"a":0,"k":100,"ix":11},"r":{"a":0,"k":0,"ix":10},"p":{"a":0,"k":[256,256,0],"ix":2},"a":{"a":0,"k":[250,250,0],"ix":1},"s":{"a":0,"k":[100,100,100],"ix":6}},"ao":0,"w":500,"h":500,"ip":53,"op":106,"st":53,"bm":0},{"ddd":0,"ind":2,"ty":0,"nm":"WING 2 Flap","refId":"comp_5","sr":1,"ks":{"o":{"a":0,"k":100,"ix":11},"r":{"a":0,"k":0,"ix":10},"p":{"a":0,"k":[256,256,0],"ix":2},"a":{"a":0,"k":[250,250,0],"ix":1},"s":{"a":0,"k":[100,100,100],"ix":6}},"ao":0,"w":500,"h":500,"ip":0,"op":54,"st":0,"bm":0}]},{"id":"comp_5","layers":[{"ddd":0,"ind":1,"ty":4,"nm":"Wing 1-1","sr":1,"ks":{"o":{"a":0,"k":100,"ix":11},"r":{"a":0,"k":0,"ix":10},"p":{"a":0,"k":[301.047,240.545,0],"ix":2},"a":{"a":0,"k":[140.98,73.29,0],"ix":1},"s":{"a":0,"k":[100,100,100],"ix":6}},"ao":0,"shapes":[{"ind":0,"ty":"sh","ix":1,"ks":{"a":1,"k":[{"i":{"x":0.833,"y":0.833},"o":{"x":0.8,"y":0},"t":0,"s":[{"i":[[3.408,1.975],[-28.529,55.326],[0,0]],"o":[[-39.898,-23.115],[0,0],[0,0]],"v":[[49.404,130.796],[12.39,0.25],[102.515,49.895]],"c":true}]},{"i":{"x":0.833,"y":0.833},"o":{"x":0.167,"y":0.167},"t":9,"s":[{"i":[[0.548,2.14],[-18.44,28.983],[0,0]],"o":[[9.198,-33.954],[0,0],[0,0]],"v":[[49.947,130.856],[86.9,37.517],[102.538,50.224]],"c":true}]},{"t":10,"s":[{"i":[[-0.124,2.178],[-16.07,22.793],[0,0]],"o":[[20.734,-36.5],[0,0],[0,0]],"v":[[50.074,130.87],[99.158,48.435],[102.543,50.301]],"c":true}]}],"ix":2},"nm":"Path 1","mn":"ADBE Vector Shape - Group","hd":false},{"ty":"fl","c":{"a":0,"k":[0.203921568627,0.258823529412,0.850980392157,1],"ix":4},"o":{"a":0,"k":100,"ix":5},"r":1,"bm":0,"nm":"Fill 1","mn":"ADBE Vector Graphic - Fill","hd":false}],"ip":0,"op":10,"st":-47,"bm":0},{"ddd":0,"ind":2,"ty":4,"nm":"Wing 1-2","parent":1,"sr":1,"ks":{"o":{"a":0,"k":100,"ix":11},"r":{"a":1,"k":[{"i":{"x":[0.833],"y":[0.833]},"o":{"x":[0.167],"y":[0.167]},"t":-47,"s":[0]},{"t":42,"s":[0]}],"ix":10},"p":{"a":1,"k":[{"i":{"x":0.833,"y":0.833},"o":{"x":0.167,"y":0.167},"t":-47,"s":[40.51,79.005,0],"to":[0,0,0],"ti":[0,0,0]},{"t":42,"s":[40.51,79.005,0]}],"ix":2},"a":{"a":0,"k":[82.19,90.835,0],"ix":1},"s":{"a":0,"k":[100,100,100],"ix":6}},"ao":0,"shapes":[{"ind":0,"ty":"sh","ix":1,"ks":{"a":1,"k":[{"i":{"x":0.833,"y":0.833},"o":{"x":1,"y":0},"t":0,"s":[{"i":[[20.482,-41.892],[-37.474,71.93],[0,0]],"o":[[-46.419,-26.04],[0,0],[0,0]],"v":[[79.756,165.216],[32.7,0.25],[142.695,61.579]],"c":true}]},{"i":{"x":0.833,"y":0.833},"o":{"x":0.167,"y":0.167},"t":10,"s":[{"i":[[11.846,-25.212],[-52.973,61.919],[0,0]],"o":[[-5.728,-13.866],[-0.003,0.01],[0,0]],"v":[[79.768,165.536],[100.086,15.156],[143.157,61.659]],"c":true}]},{"t":16,"s":[{"i":[[53.047,5.28],[-17.499,43.298],[-0.059,0.01]],"o":[[59.153,-0.776],[-0.008,0.026],[-22.051,38.135]],"v":[[80.395,166.078],[216.113,135.402],[225.289,146.315]],"c":true}]}],"ix":2},"nm":"Path 1","mn":"ADBE Vector Shape - Group","hd":false},{"ty":"fl","c":{"a":0,"k":[0.995999983245,0.745000023935,0.277999997606,1],"ix":4},"o":{"a":0,"k":100,"ix":5},"r":1,"bm":0,"nm":"Fill 1","mn":"ADBE Vector Graphic - Fill","hd":false}],"ip":0,"op":10.5,"st":-47,"bm":0},{"ddd":0,"ind":3,"ty":4,"nm":"Wing 1-4","sr":1,"ks":{"o":{"a":0,"k":100,"ix":11},"r":{"a":0,"k":0,"ix":10},"p":{"a":0,"k":[301.047,240.545,0],"ix":2},"a":{"a":0,"k":[140.98,73.29,0],"ix":1},"s":{"a":0,"k":[100,100,100],"ix":6}},"ao":0,"shapes":[{"ind":0,"ty":"sh","ix":1,"ks":{"a":1,"k":[{"i":{"x":0.833,"y":0.833},"o":{"x":0.167,"y":0},"t":38,"s":[{"i":[[0.405,3.918],[-33.207,1.745],[0,0]],"o":[[-4.22,-40.801],[0,0],[0,0]],"v":[[49.404,130.796],[92.64,48.25],[102.515,49.895]],"c":true}]},{"i":{"x":0.833,"y":0.833},"o":{"x":0.167,"y":0.167},"t":39,"s":[{"i":[[-0.795,3.858],[-12.207,-9.255],[0,0]],"o":[[12.53,-60.801],[0,0],[0,0]],"v":[[49.404,130.796],[99.64,50.25],[102.515,49.895]],"c":true}]},{"i":{"x":0.833,"y":1},"o":{"x":0.167,"y":0.167},"t":39.5,"s":[{"i":[[-0.309,3.64],[-10.804,13.614],[0,0]],"o":[[8.381,-31.973],[0,0],[0,0]],"v":[[49.404,130.796],[99.559,48.615],[101.533,50.086]],"c":true}]},{"t":51,"s":[{"i":[[3.408,1.975],[-28.529,55.326],[0,0]],"o":[[-39.898,-23.115],[0,0],[0,0]],"v":[[49.404,130.796],[12.39,0.25],[102.515,49.895]],"c":true}]}],"ix":2},"nm":"Path 1","mn":"ADBE Vector Shape - Group","hd":false},{"ty":"fl","c":{"a":0,"k":[0.203921568627,0.258823529412,0.850980392157,1],"ix":4},"o":{"a":0,"k":100,"ix":5},"r":1,"bm":0,"nm":"Fill 1","mn":"ADBE Vector Graphic - Fill","hd":false}],"ip":40,"op":64.5,"st":-11,"bm":0},{"ddd":0,"ind":4,"ty":4,"nm":"Wing 1-3","parent":3,"sr":1,"ks":{"o":{"a":0,"k":100,"ix":11},"r":{"a":1,"k":[{"i":{"x":[0.833],"y":[0.833]},"o":{"x":[0.167],"y":[0.167]},"t":-11,"s":[0]},{"t":78,"s":[0]}],"ix":10},"p":{"a":1,"k":[{"i":{"x":0.833,"y":0.833},"o":{"x":0.167,"y":0.167},"t":-11,"s":[40.51,79.005,0],"to":[0,0,0],"ti":[0,0,0]},{"t":78,"s":[40.51,79.005,0]}],"ix":2},"a":{"a":0,"k":[82.19,90.835,0],"ix":1},"s":{"a":0,"k":[100,100,100],"ix":6}},"ao":0,"shapes":[{"ind":0,"ty":"sh","ix":1,"ks":{"a":1,"k":[{"i":{"x":0.833,"y":0.833},"o":{"x":0.167,"y":0.167},"t":39,"s":[{"i":[[11.893,-27.858],[-49.087,10.074],[0,0]],"o":[[-1.643,-41.642],[0,0],[0,0]],"v":[[79.756,165.216],[127.2,52.5],[142.695,61.579]],"c":true}]},{"i":{"x":0.833,"y":1},"o":{"x":0.19,"y":0},"t":40,"s":[{"i":[[14.607,-33.891],[-47.618,17.896],[0,0]],"o":[[10.107,-46.891],[0,0],[0,0]],"v":[[79.756,165.216],[100,38.393],[142.695,61.579]],"c":true}]},{"t":52.5,"s":[{"i":[[20.482,-41.892],[-37.474,71.93],[0,0]],"o":[[-46.419,-26.04],[0,0],[0,0]],"v":[[79.756,165.216],[32.7,0.25],[142.695,61.579]],"c":true}]}],"ix":2},"nm":"Path 1","mn":"ADBE Vector Shape - Group","hd":false},{"ty":"fl","c":{"a":0,"k":[0.995999983245,0.745000023935,0.277999997606,1],"ix":4},"o":{"a":0,"k":100,"ix":5},"r":1,"bm":0,"nm":"Fill 1","mn":"ADBE Vector Graphic - Fill","hd":false}],"ip":40,"op":64.5,"st":-11,"bm":0}]}],"layers":[{"ddd":0,"ind":1,"ty":0,"nm":"Wing flap x10","parent":8,"refId":"comp_0","sr":1,"ks":{"o":{"a":0,"k":100,"ix":11},"r":{"a":0,"k":0,"ix":10},"p":{"a":0,"k":[59.62,112.9,0],"ix":2},"a":{"a":0,"k":[256,256,0],"ix":1},"s":{"a":0,"k":[101.2,101.2,100],"ix":6}},"ao":0,"tm":{"a":1,"k":[{"i":{"x":[0.4],"y":[1]},"o":{"x":[0.167],"y":[0.167]},"t":0,"s":[0]},{"i":{"x":[0.739],"y":[0.789]},"o":{"x":[0.212],"y":[0.421]},"t":16,"s":[0.267]},{"i":{"x":[0.769],"y":[1]},"o":{"x":[0.41],"y":[0.255]},"t":29.583,"s":[0.523]},{"i":{"x":[0.769],"y":[1]},"o":{"x":[0.167],"y":[0]},"t":62,"s":[1.315]},{"t":89,"s":[1.315]}],"ix":2},"w":512,"h":512,"ip":0,"op":90,"st":0,"bm":0},{"ddd":0,"ind":3,"ty":4,"nm":"Eye Outlines 2","parent":5,"sr":1,"ks":{"o":{"a":1,"k":[{"i":{"x":[0.833],"y":[0.833]},"o":{"x":[0.167],"y":[0.167]},"t":4,"s":[0]},{"i":{"x":[0.833],"y":[0.833]},"o":{"x":[0.167],"y":[0.167]},"t":5,"s":[100]},{"i":{"x":[0.833],"y":[0.833]},"o":{"x":[0.167],"y":[0.167]},"t":7,"s":[100]},{"i":{"x":[0.833],"y":[0.833]},"o":{"x":[0.167],"y":[0.167]},"t":8,"s":[0]},{"i":{"x":[0.833],"y":[0.833]},"o":{"x":[0.167],"y":[0.167]},"t":55,"s":[0]},{"i":{"x":[0.833],"y":[0.833]},"o":{"x":[0.167],"y":[0.167]},"t":56,"s":[100]},{"i":{"x":[0.833],"y":[0.833]},"o":{"x":[0.167],"y":[0.167]},"t":63,"s":[100]},{"t":64,"s":[0]}],"ix":11},"r":{"a":0,"k":0,"ix":10},"p":{"a":0,"k":[45.81,68.336,0],"ix":2},"a":{"a":0,"k":[12.305,12.305,0],"ix":1},"s":{"a":0,"k":[100,100,100],"ix":6}},"ao":0,"shapes":[{"ty":"gr","it":[{"ind":0,"ty":"sh","ix":1,"ks":{"a":0,"k":{"i":[[-6.657,0],[0,-6.658],[10.033,-0.037],[0,3.308]],"o":[[6.658,0],[0,3.35],[-10.03,0.037],[0,-6.658]],"v":[[0,-12.055],[12.055,0],[-0.147,-6.819],[-12.055,0]],"c":true},"ix":2},"nm":"Path 1","mn":"ADBE Vector Shape - Group","hd":false},{"ty":"fl","c":{"a":0,"k":[0.219999994016,0.231000010173,0.383999992819,1],"ix":4},"o":{"a":0,"k":100,"ix":5},"r":1,"bm":0,"nm":"Fill 1","mn":"ADBE Vector Graphic - Fill","hd":false},{"ty":"tr","p":{"a":0,"k":[12.305,12.305],"ix":2},"a":{"a":0,"k":[0,0],"ix":1},"s":{"a":0,"k":[100,100],"ix":3},"r":{"a":0,"k":0,"ix":6},"o":{"a":0,"k":100,"ix":7},"sk":{"a":0,"k":0,"ix":4},"sa":{"a":0,"k":0,"ix":5},"nm":"Transform"}],"nm":"Group 1","np":2,"cix":2,"bm":0,"ix":1,"mn":"ADBE Vector Group","hd":false}],"ip":0,"op":90,"st":0,"bm":0},{"ddd":0,"ind":4,"ty":4,"nm":"Eye Outlines","parent":5,"sr":1,"ks":{"o":{"a":1,"k":[{"i":{"x":[0.833],"y":[0.833]},"o":{"x":[0.167],"y":[0.167]},"t":4,"s":[100]},{"i":{"x":[0.833],"y":[0.833]},"o":{"x":[0.167],"y":[0.167]},"t":5,"s":[0]},{"i":{"x":[0.833],"y":[0.833]},"o":{"x":[0.167],"y":[0.167]},"t":7,"s":[0]},{"i":{"x":[0.833],"y":[0.833]},"o":{"x":[0.167],"y":[0.167]},"t":8,"s":[100]},{"i":{"x":[0.833],"y":[0.833]},"o":{"x":[0.167],"y":[0.167]},"t":55,"s":[100]},{"i":{"x":[0.833],"y":[0.833]},"o":{"x":[0.167],"y":[0.167]},"t":56,"s":[0]},{"i":{"x":[0.833],"y":[0.833]},"o":{"x":[0.167],"y":[0.167]},"t":63,"s":[0]},{"t":64,"s":[100]}],"ix":11},"r":{"a":1,"k":[{"i":{"x":[0.833],"y":[0.833]},"o":{"x":[0.167],"y":[0.167]},"t":0,"s":[0]},{"t":69,"s":[0]}],"ix":10},"p":{"a":1,"k":[{"i":{"x":0.833,"y":0.833},"o":{"x":0.167,"y":0.167},"t":0,"s":[45.81,63.336,0],"to":[0,0,0],"ti":[0,0,0]},{"t":69,"s":[45.81,63.336,0]}],"ix":2},"a":{"a":0,"k":[12.305,12.305,0],"ix":1},"s":{"a":0,"k":[100,100,100],"ix":6}},"ao":0,"shapes":[{"ty":"gr","it":[{"ind":0,"ty":"sh","ix":1,"ks":{"a":0,"k":{"i":[[-6.657,0],[0,-6.658],[6.658,0],[0,6.658]],"o":[[6.658,0],[0,6.658],[-6.657,0],[0,-6.658]],"v":[[0,-12.055],[12.055,0],[0,12.055],[-12.055,0]],"c":true},"ix":2},"nm":"Path 1","mn":"ADBE Vector Shape - Group","hd":false},{"ty":"fl","c":{"a":0,"k":[0.219999994016,0.231000010173,0.383999992819,1],"ix":4},"o":{"a":0,"k":100,"ix":5},"r":1,"bm":0,"nm":"Fill 1","mn":"ADBE Vector Graphic - Fill","hd":false},{"ty":"tr","p":{"a":0,"k":[12.305,12.305],"ix":2},"a":{"a":0,"k":[0,0],"ix":1},"s":{"a":0,"k":[100,100],"ix":3},"r":{"a":0,"k":0,"ix":6},"o":{"a":0,"k":100,"ix":7},"sk":{"a":0,"k":0,"ix":4},"sa":{"a":0,"k":0,"ix":5},"nm":"Transform"}],"nm":"Group 1","np":2,"cix":2,"bm":0,"ix":1,"mn":"ADBE Vector Group","hd":false}],"ip":0,"op":90,"st":0,"bm":0},{"ddd":0,"ind":5,"ty":4,"nm":"Face Outlines","parent":8,"sr":1,"ks":{"o":{"a":0,"k":100,"ix":11},"r":{"a":1,"k":[{"i":{"x":[0.29],"y":[1]},"o":{"x":[0.69],"y":[0]},"t":0,"s":[0]},{"i":{"x":[0.29],"y":[1]},"o":{"x":[0.69],"y":[0]},"t":11,"s":[42.243]},{"i":{"x":[0.29],"y":[1]},"o":{"x":[0.69],"y":[0]},"t":24,"s":[-46.065]},{"i":{"x":[0.29],"y":[1]},"o":{"x":[0.69],"y":[0]},"t":46,"s":[42.243]},{"i":{"x":[0.29],"y":[1]},"o":{"x":[0.69],"y":[0]},"t":59,"s":[-16]},{"t":69,"s":[0]}],"ix":10},"p":{"a":1,"k":[{"i":{"x":0.833,"y":0.833},"o":{"x":0.167,"y":0.167},"t":0,"s":[126.951,92.225,0],"to":[0,0,0],"ti":[0,0,0]},{"i":{"x":0.29,"y":1},"o":{"x":0.167,"y":0.167},"t":11,"s":[133.815,99.393,0],"to":[0,0,0],"ti":[0,0,0]},{"i":{"x":0.679,"y":0.648},"o":{"x":0.345,"y":0},"t":24,"s":[126.521,84.937,0],"to":[0,0,0],"ti":[0,0,0]},{"i":{"x":0.833,"y":0.833},"o":{"x":0.684,"y":0.012},"t":26,"s":[126.523,84.969,0],"to":[0,0,0],"ti":[0,0,0]},{"i":{"x":0.833,"y":0.833},"o":{"x":0.167,"y":0.167},"t":33,"s":[126.951,92.225,0],"to":[0,0,0],"ti":[0,0,0]},{"t":69,"s":[126.951,92.225,0]}],"ix":2},"a":{"a":0,"k":[67.402,82.065,0],"ix":1},"s":{"a":0,"k":[100,100,100],"ix":6}},"ao":0,"shapes":[{"ty":"gr","it":[{"ind":0,"ty":"sh","ix":1,"ks":{"a":0,"k":{"i":[[0.061,-0.01],[1.619,-35.68],[-10.235,-11.246],[-19.731,0],[0,0]],"o":[[-36.054,0.081],[0.729,16.221],[12.307,13.521],[0,0],[-0.051,0]],"v":[[33.45,-64.193],[-33.611,0.006],[-16.166,42.198],[33.611,64.203],[33.611,-64.203]],"c":true},"ix":2},"nm":"Path 1","mn":"ADBE Vector Shape - Group","hd":false},{"ty":"fl","c":{"a":0,"k":[1,1,1,1],"ix":4},"o":{"a":0,"k":100,"ix":5},"r":1,"bm":0,"nm":"Fill 1","mn":"ADBE Vector Graphic - Fill","hd":false},{"ty":"tr","p":{"a":0,"k":[33.861,64.453],"ix":2},"a":{"a":0,"k":[0,0],"ix":1},"s":{"a":0,"k":[100,100],"ix":3},"r":{"a":0,"k":0,"ix":6},"o":{"a":0,"k":100,"ix":7},"sk":{"a":0,"k":0,"ix":4},"sa":{"a":0,"k":0,"ix":5},"nm":"Transform"}],"nm":"Group 1","np":2,"cix":2,"bm":0,"ix":1,"mn":"ADBE Vector Group","hd":false}],"ip":0,"op":90,"st":0,"bm":0},{"ddd":0,"ind":6,"ty":4,"nm":"Beak DOWN Outlines","parent":5,"sr":1,"ks":{"o":{"a":0,"k":100,"ix":11},"r":{"a":1,"k":[{"i":{"x":[0.833],"y":[0.833]},"o":{"x":[0.167],"y":[0.167]},"t":0,"s":[0]},{"i":{"x":[0.833],"y":[0.833]},"o":{"x":[0.167],"y":[0.167]},"t":16,"s":[0]},{"i":{"x":[0.33],"y":[1]},"o":{"x":[0.167],"y":[0.167]},"t":51,"s":[0]},{"i":{"x":[0.833],"y":[0.833]},"o":{"x":[0.167],"y":[0.167]},"t":58,"s":[32]},{"i":{"x":[0.833],"y":[0.833]},"o":{"x":[0.167],"y":[0.167]},"t":65,"s":[0]},{"t":69,"s":[0]}],"ix":10},"p":{"a":1,"k":[{"i":{"x":0.833,"y":0.833},"o":{"x":0.167,"y":0.167},"t":0,"s":[58.574,75.142,0],"to":[0,0,0],"ti":[0,0,0]},{"i":{"x":0.833,"y":0.833},"o":{"x":0.167,"y":0.167},"t":16,"s":[58.574,75.142,0],"to":[0,0,0],"ti":[0,0,0]},{"t":69,"s":[58.574,75.142,0]}],"ix":2},"a":{"a":0,"k":[58.645,10.934,0],"ix":1},"s":{"a":0,"k":[100,100,100],"ix":6}},"ao":0,"shapes":[{"ty":"gr","it":[{"ind":0,"ty":"sh","ix":1,"ks":{"a":0,"k":{"i":[[-5.046,23.823],[0,0],[0.048,1.055],[0,-1.032],[-36.63,-0.617],[0,0]],"o":[[0,0],[-0.095,-1.042],[-0.051,1.021],[0,36.771],[0.395,0.01],[25.318,-0.036]],"v":[[59.395,-6.594],[-59.107,-32.038],[-59.324,-35.184],[-59.395,-32.098],[6.725,35.173],[7.899,35.154]],"c":true},"ix":2},"nm":"Path 1","mn":"ADBE Vector Shape - Group","hd":false},{"ty":"fl","c":{"a":0,"k":[1,0.681999954523,0.226999993418,1],"ix":4},"o":{"a":0,"k":100,"ix":5},"r":1,"bm":0,"nm":"Fill 1","mn":"ADBE Vector Graphic - Fill","hd":false},{"ty":"tr","p":{"a":0,"k":[59.645,35.434],"ix":2},"a":{"a":0,"k":[0,0],"ix":1},"s":{"a":0,"k":[100,100],"ix":3},"r":{"a":0,"k":0,"ix":6},"o":{"a":0,"k":100,"ix":7},"sk":{"a":0,"k":0,"ix":4},"sa":{"a":0,"k":0,"ix":5},"nm":"Transform"}],"nm":"Group 1","np":2,"cix":2,"bm":0,"ix":1,"mn":"ADBE Vector Group","hd":false}],"ip":0,"op":90,"st":0,"bm":0},{"ddd":0,"ind":7,"ty":4,"nm":"Beak UP Outlines","parent":5,"sr":1,"ks":{"o":{"a":0,"k":100,"ix":11},"r":{"a":1,"k":[{"i":{"x":[0.833],"y":[0.833]},"o":{"x":[0.167],"y":[0.167]},"t":0,"s":[0]},{"t":69,"s":[0]}],"ix":10},"p":{"a":1,"k":[{"i":{"x":0.833,"y":0.833},"o":{"x":0.167,"y":0.167},"t":0,"s":[56.08,72.915,0],"to":[0,0,0],"ti":[0,0,0]},{"t":69,"s":[56.08,72.915,0]}],"ix":2},"a":{"a":0,"k":[-11.072,84.06,0],"ix":1},"s":{"a":0,"k":[100,100,100],"ix":6}},"ao":0,"shapes":[{"ty":"gr","it":[{"ind":0,"ty":"sh","ix":1,"ks":{"a":0,"k":{"i":[[18.861,17.131],[21.886,1.375],[2.083,0.02],[0.121,0],[0,0],[0,0],[0,6.503]],"o":[[-15.261,-13.855],[-2.083,-0.111],[-0.132,0],[0,0],[0,0],[1.264,-6.129],[-0.02,-27.488]],"v":[[16.454,-32.008],[-40.544,-56.108],[-46.793,-56.31],[-47.178,-56.3],[-47.178,36.65],[45.236,56.31],[47.178,37.338]],"c":true},"ix":2},"nm":"Path 1","mn":"ADBE Vector Shape - Group","hd":false},{"ty":"fl","c":{"a":0,"k":[1,0.74900004069,0.277999997606,1],"ix":4},"o":{"a":0,"k":100,"ix":5},"r":1,"bm":0,"nm":"Fill 1","mn":"ADBE Vector Graphic - Fill","hd":false},{"ty":"tr","p":{"a":0,"k":[47.428,56.56],"ix":2},"a":{"a":0,"k":[0,0],"ix":1},"s":{"a":0,"k":[100,100],"ix":3},"r":{"a":0,"k":0,"ix":6},"o":{"a":0,"k":100,"ix":7},"sk":{"a":0,"k":0,"ix":4},"sa":{"a":0,"k":0,"ix":5},"nm":"Transform"}],"nm":"Group 1","np":2,"cix":2,"bm":0,"ix":1,"mn":"ADBE Vector Group","hd":false}],"ip":0,"op":90,"st":0,"bm":0},{"ddd":0,"ind":8,"ty":4,"nm":"Body Outlines","sr":1,"ks":{"o":{"a":0,"k":100,"ix":11},"r":{"a":1,"k":[{"i":{"x":[0.572],"y":[1]},"o":{"x":[0.231],"y":[0]},"t":0,"s":[0]},{"i":{"x":[0.3],"y":[1]},"o":{"x":[0.3],"y":[0]},"t":16,"s":[34]},{"i":{"x":[0.833],"y":[1]},"o":{"x":[0.7],"y":[0]},"t":46,"s":[-360]},{"t":69,"s":[-360]}],"ix":10},"p":{"a":1,"k":[{"i":{"x":0.3,"y":1},"o":{"x":0.52,"y":0},"t":0,"s":[198.38,226.29,0],"to":[16.37,49.21,0],"ti":[0,0,0]},{"i":{"x":0.3,"y":0.3},"o":{"x":0.7,"y":0.7},"t":24,"s":[254.326,260.29,0],"to":[0,0,0],"ti":[0,0,0]},{"i":{"x":0.833,"y":0.833},"o":{"x":0.533,"y":0},"t":26,"s":[254.326,260.29,0],"to":[0,0,0],"ti":[14.386,9.374,0]},{"i":{"x":0.24,"y":1},"o":{"x":0.167,"y":0.167},"t":42,"s":[242.386,220.374,0],"to":[-14.386,-9.374,0],"ti":[0,0,0]},{"t":69,"s":[198.38,226.29,0]}],"ix":2},"a":{"a":0,"k":[1,82.19,0],"ix":1},"s":{"a":1,"k":[{"i":{"x":[0.5,0.5,0.5],"y":[1,1,1]},"o":{"x":[0.167,0.167,0.167],"y":[0,0,0]},"t":0,"s":[100,100,100]},{"t":69,"s":[100,100,100]}],"ix":6}},"ao":0,"shapes":[{"ty":"gr","it":[{"ind":0,"ty":"sh","ix":1,"ks":{"a":0,"k":{"i":[[0,0.01],[0,0],[0,0]],"o":[[0,0],[0,0],[0,-0.05]],"v":[[30.08,-113.66],[30.09,-113.66],[30.09,-113.57]],"c":true},"ix":2},"nm":"Path 1","mn":"ADBE Vector Shape - Group","hd":false},{"ind":1,"ty":"sh","ix":2,"ks":{"a":0,"k":{"i":[[2.035,6.302],[6.068,7.349],[2.965,2.694],[16.761,1.06],[1.589,0.01],[0.091,0],[0,0],[18.089,-7.59],[5.88,-3.47],[6.58,-5.66],[2.09,-2.02],[11.16,-18.93],[0,0],[-39.387,-0.313],[-26.449,50.5],[0,0],[0.33,0.009],[0,0]],"o":[[-1.878,-5.815],[-2.684,-3.25],[-11.68,-10.6],[-1.59,-0.08],[-0.101,0],[0,0],[-19.78,0],[-6.271,2.63],[-7.38,4.36],[-2.2,1.88],[-6.8,6.47],[0,0],[0,0],[53.613,-0.313],[0,0],[1.3,-2.81],[-17.51,-24.55],[0,0]],"v":[[74.532,-63.865],[95.116,-81.782],[86.56,-90.83],[35.17,-113.53],[30.391,-113.68],[30.09,-113.67],[29.07,-113.67],[-28.319,-102.08],[-46.56,-92.93],[-67.55,-77.91],[-73.98,-72.06],[-102.34,-30.49],[-170.934,97.034],[-102.34,113.66],[28.92,34.33],[34.622,20.387],[20.133,14.638],[3.62,-43.07]],"c":true},"ix":2},"nm":"Path 2","mn":"ADBE Vector Shape - Group","hd":false},{"ty":"mm","mm":1,"nm":"Merge Paths 1","mn":"ADBE Vector Filter - Merge","hd":false},{"ty":"fl","c":{"a":0,"k":[0.282000014361,0.310000011968,0.964999988032,1],"ix":4},"o":{"a":0,"k":100,"ix":5},"r":1,"bm":0,"nm":"Fill 1","mn":"ADBE Vector Graphic - Fill","hd":false},{"ty":"tr","p":{"a":0,"k":[102.59,113.93],"ix":2},"a":{"a":0,"k":[0,0],"ix":1},"s":{"a":0,"k":[100,100],"ix":3},"r":{"a":0,"k":0,"ix":6},"o":{"a":0,"k":100,"ix":7},"sk":{"a":0,"k":0,"ix":4},"sa":{"a":0,"k":0,"ix":5},"nm":"Transform"}],"nm":"Group 1","np":4,"cix":2,"bm":0,"ix":1,"mn":"ADBE Vector Group","hd":false}],"ip":0,"op":90,"st":0,"bm":0},{"ddd":0,"ind":9,"ty":0,"nm":"Wing 2 flap x10","parent":8,"refId":"comp_3","sr":1,"ks":{"o":{"a":0,"k":100,"ix":11},"r":{"a":0,"k":31,"ix":10},"p":{"a":0,"k":[48.62,72.9,0],"ix":2},"a":{"a":0,"k":[256,256,0],"ix":1},"s":{"a":0,"k":[92.5,92.5,100],"ix":6}},"ao":0,"tm":{"a":1,"k":[{"i":{"x":[0.4],"y":[1]},"o":{"x":[0.167],"y":[0.167]},"t":0,"s":[0]},{"i":{"x":[0.739],"y":[0.789]},"o":{"x":[0.212],"y":[0.421]},"t":16,"s":[0.267]},{"i":{"x":[0.769],"y":[1]},"o":{"x":[0.41],"y":[0.255]},"t":29.583,"s":[0.523]},{"i":{"x":[0.769],"y":[1]},"o":{"x":[0.167],"y":[0]},"t":62,"s":[1.315]},{"t":89,"s":[1.315]}],"ix":2},"w":512,"h":512,"ip":0,"op":90,"st":0,"bm":0},{"ddd":0,"ind":10,"ty":4,"nm":"Red Tail","parent":8,"sr":1,"ks":{"o":{"a":0,"k":100,"ix":11},"r":{"a":1,"k":[{"i":{"x":[0.833],"y":[0.833]},"o":{"x":[0.167],"y":[0.167]},"t":0,"s":[0]},{"i":{"x":[0.833],"y":[0.833]},"o":{"x":[0.167],"y":[0.167]},"t":16,"s":[-32]},{"i":{"x":[0.833],"y":[0.833]},"o":{"x":[0.167],"y":[0.167]},"t":25,"s":[81]},{"i":{"x":[0.833],"y":[0.833]},"o":{"x":[0.167],"y":[0.167]},"t":29,"s":[81]},{"i":{"x":[0.833],"y":[0.833]},"o":{"x":[0.167],"y":[0.167]},"t":42,"s":[0]},{"t":69,"s":[0]}],"ix":10},"p":{"a":1,"k":[{"i":{"x":0.833,"y":0.833},"o":{"x":0.167,"y":0.167},"t":0,"s":[-68.24,210.72,0],"to":[0,0,0],"ti":[0,0,0]},{"i":{"x":0.833,"y":0.833},"o":{"x":0.167,"y":0.167},"t":16,"s":[-68.24,210.72,0],"to":[0,0,0],"ti":[0,0,0]},{"i":{"x":0.833,"y":0.833},"o":{"x":0.167,"y":0.167},"t":25,"s":[-38.971,155.328,0],"to":[0,0,0],"ti":[0,0,0]},{"i":{"x":0.833,"y":0.833},"o":{"x":0.167,"y":0.167},"t":29,"s":[-38.971,155.328,0],"to":[0,0,0],"ti":[0,0,0]},{"i":{"x":0.833,"y":0.833},"o":{"x":0.167,"y":0.167},"t":42,"s":[-68.24,210.72,0],"to":[0,0,0],"ti":[0,0,0]},{"t":69,"s":[-68.24,210.72,0]}],"ix":2},"a":{"a":0,"k":[29.807,127.53,0],"ix":1},"s":{"a":0,"k":[100,100,100],"ix":6}},"ao":0,"shapes":[{"ty":"gr","it":[{"ind":0,"ty":"sh","ix":1,"ks":{"a":0,"k":{"i":[[0,0],[-16.03,30.542],[14.717,11.301],[9.586,-6.576],[0,0]],"o":[[30.542,16.029],[10.594,-21.869],[-7.049,-4.528],[-11.723,8.042],[0,0]],"v":[[-44.746,20.146],[39.578,-6.128],[33.954,-61.798],[19.988,-40.89],[-15.185,-36.174]],"c":true},"ix":2},"nm":"Path 1","mn":"ADBE Vector Shape - Group","hd":false},{"ty":"fl","c":{"a":0,"k":[0.969000004787,0.282000014361,0.40800000359,1],"ix":4},"o":{"a":0,"k":100,"ix":5},"r":1,"bm":0,"nm":"Fill 1","mn":"ADBE Vector Graphic - Fill","hd":false},{"ty":"tr","p":{"a":0,"k":[44.996,163.707],"ix":2},"a":{"a":0,"k":[0,0],"ix":1},"s":{"a":0,"k":[100,100],"ix":3},"r":{"a":0,"k":0,"ix":6},"o":{"a":0,"k":100,"ix":7},"sk":{"a":0,"k":0,"ix":4},"sa":{"a":0,"k":0,"ix":5},"nm":"Transform"}],"nm":"Group 2","np":2,"cix":2,"bm":0,"ix":1,"mn":"ADBE Vector Group","hd":false}],"ip":0,"op":90,"st":0,"bm":0}],"markers":[]}